dow,abs_mae_resid
6,24.627397204651555
5,24.43952008264416
4,20.862200564633422
0,20.822549344389934
3,17.941075935515443
1,17.930812771982055
2,17.783055143388097
